insert into puzzle (id, name, description, price, image_source) values (-1, '1x1', 'desciption1', 100, 'https://i.imgur.com/efakOv9.jpg');
insert into puzzle (id, name, description, price, image_source) values (-2, '2x2', 'desciption2', 200, 'https://i.imgur.com/sxCgDlo.jpg');
insert into puzzle (id, name, description, price, image_source) values (-3, '3x3', 'desciption3', 300, 'https://i.imgur.com/lNEWdCz.jpg');
insert into puzzle (id, name, description, price, image_source) values (-4, '4x4', 'desciption4', 400, 'https://i.imgur.com/EtWFJFj.jpg');
insert into puzzle (id, name, description, price, image_source) values (-5, '11x11', 'desciption5', 500, 'https://i.imgur.com/14mhYhd.jpg');
insert into puzzle (id, name, description, price, image_source) values (-6, '6x6', 'desciption6', 600, 'https://i.imgur.com/c4gMtbX.jpg');
insert into puzzle (id, name, description, price, image_source) values (-7, 'Mirror', 'desciption7', 700, 'https://i.imgur.com/REWDtCJ.jpg');

/*
insert into purchase(id, date, total, username, shipping_tax, shipping_charge, delivery_address, payment_method) 
    values(-1, '2021-10-14',1100, 'Crispy', 0.1, 5, 'San Jose', 'Cash');
insert into purchase(id, date, total, username, shipping_tax, shipping_charge, delivery_address, payment_method) 
    values(-2, '2020-10-13',2090, 'Crispy', 0.1, 5, 'San Jose', 'Cash');
insert into purchase(id, date, total, username, shipping_tax, shipping_charge, delivery_address, payment_method) 
    values(-3, '2021-10-10',990, 'Lost', 0.1, 5, 'San Jose', 'Cash');
    insert into purchase(id, date, total, username, shipping_tax, shipping_charge, delivery_address, payment_method) 
    values(-4, '2021-8-21',1650, 'Crispy', 0.1, 5, 'San Jose', 'Cash');
insert into purchase(id, date, total, username, shipping_tax, shipping_charge, delivery_address, payment_method) 
    values(-5, '2021-7-21',1650, 'Daniel', 0.1, 5, 'San Jose', 'Cash');
insert into purchase(id, date, total, username, shipping_tax, shipping_charge, delivery_address, payment_method) 
    values(-6, '2021-2-21',110, 'Lizeth', 0.1, 5, 'San Jose', 'Cash');
    insert into purchase(id, date, total, username, shipping_tax, shipping_charge, delivery_address, payment_method) 
    values(-7, '2021-10-15',110, 'Crispy', 0.1, 5, 'San Jose', 'Cash');
insert into purchase(id, date, total, username, shipping_tax, shipping_charge, delivery_address, payment_method) 
    values(-8, '2021-10-9',1430, 'Daniel', 0.1, 5, 'San Jose', 'Cash');
insert into purchase(id, date, total, username, shipping_tax, shipping_charge, delivery_address, payment_method) 
    values(-9, '2020-10-21',1650, 'Juan', 0.1, 5, 'San Jose', 'Cash');
    insert into purchase(id, date, total, username, shipping_tax, shipping_charge, delivery_address, payment_method) 
    values(-10, '2001-10-21',1650, 'Lizeth', 0.1, 5, 'San Jose', 'Cash');
insert into purchase(id, date, total, username, shipping_tax, shipping_charge, delivery_address, payment_method) 
    values(-11, '2020-10-21',1650, 'Daniel', 0.1, 5, 'San Jose', 'Cash');
insert into purchase(id, date, total, username, shipping_tax, shipping_charge, delivery_address, payment_method) 
    values(-12, '2021-10-6',440, 'Lost', 0.1, 5, 'San Jose', 'Cash');

insert into puzzle_order(id, count, puzzle_id) values(-1, 1, -1);
insert into puzzle_order(id, count, puzzle_id) values(-2, 2, -2);
insert into puzzle_order(id, count, puzzle_id) values(-3, 3, -3);
insert into puzzle_order(id, count, puzzle_id) values(-4, 3, -5);
insert into puzzle_order(id, count, puzzle_id) values(-5, 3, -5);
insert into puzzle_order(id, count, puzzle_id) values(-6, 1, -1);
insert into puzzle_order(id, count, puzzle_id) values(-7, 2, -2);
insert into puzzle_order(id, count, puzzle_id) values(-8, 3, -3);
insert into puzzle_order(id, count, puzzle_id) values(-9, 3, -5);
insert into puzzle_order(id, count, puzzle_id) values(-10, 3, -5);
insert into puzzle_order(id, count, puzzle_id) values(-11, 1, -1);
insert into puzzle_order(id, count, puzzle_id) values(-12, 2, -2);
insert into puzzle_order(id, count, puzzle_id) values(-13, 3, -3);
insert into puzzle_order(id, count, puzzle_id) values(-14, 3, -5);
insert into puzzle_order(id, count, puzzle_id) values(-15, 3, -5);

insert into purchase_puzzle_orders(purchase_id, puzzle_orders_id) values(-1, -1);
insert into purchase_puzzle_orders(purchase_id, puzzle_orders_id) values(-2, -2);
insert into purchase_puzzle_orders(purchase_id, puzzle_orders_id) values(-3, -3);
insert into purchase_puzzle_orders(purchase_id, puzzle_orders_id) values(-4, -4);
insert into purchase_puzzle_orders(purchase_id, puzzle_orders_id) values(-5, -5);
insert into purchase_puzzle_orders(purchase_id, puzzle_orders_id) values(-6, -6);
insert into purchase_puzzle_orders(purchase_id, puzzle_orders_id) values(-8, -7);
insert into purchase_puzzle_orders(purchase_id, puzzle_orders_id) values(-1, -8);
insert into purchase_puzzle_orders(purchase_id, puzzle_orders_id) values(-2, -9);
insert into purchase_puzzle_orders(purchase_id, puzzle_orders_id) values(-9, -10);
insert into purchase_puzzle_orders(purchase_id, puzzle_orders_id) values(-7, -11);
insert into purchase_puzzle_orders(purchase_id, puzzle_orders_id) values(-12, -12);
insert into purchase_puzzle_orders(purchase_id, puzzle_orders_id) values(-8, -13);
insert into purchase_puzzle_orders(purchase_id, puzzle_orders_id) values(-10, -14);
insert into purchase_puzzle_orders(purchase_id, puzzle_orders_id) values(-11, -15);*/